order_item_id,order_id,product_id,quantity,sales_amount
OI00001,O0328,P004,1,7893.0
OI00002,O0380,P009,2,23354.0
OI00003,O0115,P005,1,15373.0
OI00004,O0347,P024,5,225400.0
OI00005,O0045,P019,4,114572.0
OI00006,O0017,P001,1,46525.0
OI00007,O0112,P008,5,48770.0
OI00008,O0309,P001,5,232625.0
OI00009,O0102,P023,5,192050.0
OI00010,O0215,P008,4,39016.0
OI00011,O0302,P009,1,11677.0
OI00012,O0389,P026,2,18416.0
OI00013,O0358,P014,3,100056.0
OI00014,O0143,P005,2,30746.0
OI00015,O0491,P025,3,124341.0
OI00016,O0053,P003,4,73716.0
OI00017,O0050,P012,3,95238.0
OI00018,O0310,P009,1,11677.0
OI00019,O0374,P015,5,203950.0
OI00020,O0064,P030,4,148848.0
OI00021,O0041,P018,3,90372.0
OI00022,O0425,P021,5,50035.0
OI00023,O0454,P028,3,133452.0
OI00024,O0296,P007,1,4436.0
OI00025,O0024,P022,2,93428.0
OI00026,O0396,P010,1,6895.0
OI00027,O0438,P008,1,9754.0
OI00028,O0195,P009,4,46708.0
OI00029,O0326,P027,3,58767.0
OI00030,O0084,P012,3,95238.0
OI00031,O0108,P022,3,140142.0
OI00032,O0360,P030,1,37212.0
OI00033,O0312,P021,2,20014.0
OI00034,O0274,P024,2,90160.0
OI00035,O0084,P015,4,163160.0
OI00036,O0139,P030,5,186060.0
OI00037,O0113,P022,3,140142.0
OI00038,O0432,P025,1,41447.0
OI00039,O0118,P027,1,19589.0
OI00040,O0413,P011,4,82952.0
OI00041,O0138,P003,2,36858.0
OI00042,O0468,P019,3,85929.0
OI00043,O0109,P021,4,40028.0
OI00044,O0203,P029,4,73812.0
OI00045,O0074,P009,2,23354.0
OI00046,O0127,P024,5,225400.0
OI00047,O0276,P009,5,58385.0
OI00048,O0220,P029,5,92265.0
OI00049,O0205,P012,2,63492.0
OI00050,O0071,P017,4,26400.0
OI00051,O0047,P025,1,41447.0
OI00052,O0441,P004,2,15786.0
OI00053,O0322,P006,4,193332.0
OI00054,O0306,P003,4,73716.0
OI00055,O0196,P020,4,167056.0
OI00056,O0271,P009,5,58385.0
OI00057,O0441,P001,1,46525.0
OI00058,O0350,P029,5,92265.0
OI00059,O0385,P009,3,35031.0
OI00060,O0058,P010,4,27580.0
OI00061,O0081,P015,1,40790.0
OI00062,O0489,P024,3,135240.0
OI00063,O0498,P017,2,13200.0
OI00064,O0260,P030,1,37212.0
OI00065,O0446,P021,3,30021.0
OI00066,O0431,P021,5,50035.0
OI00067,O0312,P007,2,8872.0
OI00068,O0192,P025,2,82894.0
OI00069,O0277,P025,5,207235.0
OI00070,O0471,P001,5,232625.0
OI00071,O0166,P016,1,42919.0
OI00072,O0058,P030,3,111636.0
OI00073,O0450,P027,3,58767.0
OI00074,O0123,P002,2,41660.0
OI00075,O0450,P019,1,28643.0
OI00076,O0044,P024,4,180320.0
OI00077,O0418,P003,5,92145.0
OI00078,O0393,P005,2,30746.0
OI00079,O0338,P016,5,214595.0
OI00080,O0085,P009,5,58385.0
OI00081,O0447,P020,4,167056.0
OI00082,O0494,P007,5,22180.0
OI00083,O0387,P024,2,90160.0
OI00084,O0366,P010,4,27580.0
OI00085,O0344,P021,3,30021.0
OI00086,O0225,P029,5,92265.0
OI00087,O0232,P004,2,15786.0
OI00088,O0116,P003,3,55287.0
OI00089,O0011,P019,5,143215.0
OI00090,O0118,P019,2,57286.0
OI00091,O0004,P003,1,18429.0
OI00092,O0118,P003,1,18429.0
OI00093,O0441,P011,1,20738.0
OI00094,O0264,P008,3,29262.0
OI00095,O0343,P016,2,85838.0
OI00096,O0277,P005,5,76865.0
OI00097,O0296,P016,2,85838.0
OI00098,O0402,P016,4,171676.0
OI00099,O0098,P004,1,7893.0
OI00100,O0338,P014,3,100056.0
OI00101,O0217,P014,4,133408.0
OI00102,O0443,P024,1,45080.0
OI00103,O0345,P021,1,10007.0
OI00104,O0032,P013,3,148212.0
OI00105,O0410,P028,1,44484.0
OI00106,O0128,P007,2,8872.0
OI00107,O0275,P015,2,81580.0
OI00108,O0217,P006,3,144999.0
OI00109,O0237,P008,1,9754.0
OI00110,O0227,P026,5,46040.0
OI00111,O0051,P002,5,104150.0
OI00112,O0429,P001,1,46525.0
OI00113,O0475,P025,2,82894.0
OI00114,O0086,P014,4,133408.0
OI00115,O0247,P007,4,17744.0
OI00116,O0463,P002,2,41660.0
OI00117,O0195,P001,4,186100.0
OI00118,O0136,P030,4,148848.0
OI00119,O0147,P014,5,166760.0
OI00120,O0339,P023,4,153640.0
OI00121,O0080,P007,3,13308.0
OI00122,O0112,P002,5,104150.0
OI00123,O0377,P018,1,30124.0
OI00124,O0383,P011,1,20738.0
OI00125,O0026,P019,4,114572.0
OI00126,O0258,P030,5,186060.0
OI00127,O0081,P002,5,104150.0
OI00128,O0042,P028,2,88968.0
OI00129,O0036,P020,1,41764.0
OI00130,O0346,P028,2,88968.0
OI00131,O0207,P004,5,39465.0
OI00132,O0127,P019,5,143215.0
OI00133,O0021,P020,1,41764.0
OI00134,O0215,P022,5,233570.0
OI00135,O0290,P017,3,19800.0
OI00136,O0479,P009,2,23354.0
OI00137,O0343,P023,3,115230.0
OI00138,O0123,P009,4,46708.0
OI00139,O0068,P022,3,140142.0
OI00140,O0235,P011,1,20738.0
OI00141,O0005,P015,5,203950.0
OI00142,O0289,P004,1,7893.0
OI00143,O0276,P007,5,22180.0
OI00144,O0136,P005,3,46119.0
OI00145,O0452,P003,2,36858.0
OI00146,O0190,P010,2,13790.0
OI00147,O0225,P027,5,97945.0
OI00148,O0361,P010,5,34475.0
OI00149,O0414,P021,5,50035.0
OI00150,O0005,P022,5,233570.0
OI00151,O0154,P030,1,37212.0
OI00152,O0481,P029,2,36906.0
OI00153,O0136,P004,1,7893.0
OI00154,O0381,P018,2,60248.0
OI00155,O0140,P010,5,34475.0
OI00156,O0108,P023,3,115230.0
OI00157,O0105,P022,3,140142.0
OI00158,O0259,P016,3,128757.0
OI00159,O0464,P030,1,37212.0
OI00160,O0048,P021,4,40028.0
OI00161,O0425,P009,1,11677.0
OI00162,O0002,P011,2,41476.0
OI00163,O0327,P009,2,23354.0
OI00164,O0380,P015,5,203950.0
OI00165,O0362,P014,5,166760.0
OI00166,O0005,P004,1,7893.0
OI00167,O0484,P029,2,36906.0
OI00168,O0280,P002,3,62490.0
OI00169,O0299,P018,2,60248.0
OI00170,O0221,P005,1,15373.0
OI00171,O0158,P012,1,31746.0
OI00172,O0461,P012,2,63492.0
OI00173,O0350,P008,1,9754.0
OI00174,O0182,P025,5,207235.0
OI00175,O0453,P028,4,177936.0
OI00176,O0499,P020,2,83528.0
OI00177,O0474,P030,2,74424.0
OI00178,O0443,P006,2,96666.0
OI00179,O0452,P014,1,33352.0
OI00180,O0092,P024,3,135240.0
OI00181,O0401,P030,4,148848.0
OI00182,O0411,P022,2,93428.0
OI00183,O0137,P006,1,48333.0
OI00184,O0196,P028,1,44484.0
OI00185,O0440,P016,2,85838.0
OI00186,O0103,P027,4,78356.0
OI00187,O0180,P010,2,13790.0
OI00188,O0115,P001,2,93050.0
OI00189,O0205,P011,3,62214.0
OI00190,O0443,P003,3,55287.0
OI00191,O0180,P021,5,50035.0
OI00192,O0205,P022,5,233570.0
OI00193,O0170,P001,1,46525.0
OI00194,O0450,P009,2,23354.0
OI00195,O0298,P009,1,11677.0
OI00196,O0056,P020,4,167056.0
OI00197,O0177,P024,3,135240.0
OI00198,O0224,P020,5,208820.0
OI00199,O0060,P013,5,247020.0
OI00200,O0098,P009,1,11677.0
OI00201,O0363,P014,1,33352.0
OI00202,O0267,P030,5,186060.0
OI00203,O0352,P024,2,90160.0
OI00204,O0187,P014,1,33352.0
OI00205,O0486,P022,3,140142.0
OI00206,O0320,P011,1,20738.0
OI00207,O0369,P029,3,55359.0
OI00208,O0260,P010,4,27580.0
OI00209,O0168,P013,3,148212.0
OI00210,O0284,P005,2,30746.0
OI00211,O0216,P022,4,186856.0
OI00212,O0347,P024,2,90160.0
OI00213,O0316,P019,3,85929.0
OI00214,O0208,P018,1,30124.0
OI00215,O0156,P010,2,13790.0
OI00216,O0221,P026,5,46040.0
OI00217,O0311,P021,3,30021.0
OI00218,O0239,P015,4,163160.0
OI00219,O0346,P007,5,22180.0
OI00220,O0243,P026,2,18416.0
OI00221,O0338,P003,3,55287.0
OI00222,O0264,P022,5,233570.0
OI00223,O0172,P003,2,36858.0
OI00224,O0345,P010,2,13790.0
OI00225,O0413,P007,2,8872.0
OI00226,O0013,P002,2,41660.0
OI00227,O0244,P020,1,41764.0
OI00228,O0234,P014,5,166760.0
OI00229,O0100,P023,4,153640.0
OI00230,O0254,P013,2,98808.0
OI00231,O0076,P021,1,10007.0
OI00232,O0458,P025,1,41447.0
OI00233,O0399,P014,2,66704.0
OI00234,O0091,P026,5,46040.0
OI00235,O0238,P002,5,104150.0
OI00236,O0128,P030,1,37212.0
OI00237,O0234,P005,4,61492.0
OI00238,O0342,P017,5,33000.0
OI00239,O0305,P011,4,82952.0
OI00240,O0314,P027,5,97945.0
OI00241,O0219,P027,5,97945.0
OI00242,O0229,P029,2,36906.0
OI00243,O0381,P028,4,177936.0
OI00244,O0231,P009,2,23354.0
OI00245,O0431,P021,3,30021.0
OI00246,O0393,P025,5,207235.0
OI00247,O0249,P021,2,20014.0
OI00248,O0141,P015,1,40790.0
OI00249,O0366,P010,2,13790.0
OI00250,O0140,P011,3,62214.0
OI00251,O0458,P018,1,30124.0
OI00252,O0071,P005,2,30746.0
OI00253,O0197,P023,2,76820.0
OI00254,O0362,P007,1,4436.0
OI00255,O0213,P014,3,100056.0
OI00256,O0278,P015,4,163160.0
OI00257,O0032,P007,4,17744.0
OI00258,O0200,P029,5,92265.0
OI00259,O0485,P023,1,38410.0
OI00260,O0439,P029,5,92265.0
OI00261,O0195,P016,1,42919.0
OI00262,O0483,P012,3,95238.0
OI00263,O0386,P013,4,197616.0
OI00264,O0276,P024,5,225400.0
OI00265,O0410,P020,2,83528.0
OI00266,O0250,P008,3,29262.0
OI00267,O0224,P016,1,42919.0
OI00268,O0200,P011,4,82952.0
OI00269,O0371,P006,4,193332.0
OI00270,O0471,P005,5,76865.0
OI00271,O0274,P001,4,186100.0
OI00272,O0304,P019,1,28643.0
OI00273,O0043,P021,4,40028.0
OI00274,O0070,P028,4,177936.0
OI00275,O0094,P002,3,62490.0
OI00276,O0195,P011,2,41476.0
OI00277,O0233,P011,3,62214.0
OI00278,O0390,P029,4,73812.0
OI00279,O0143,P025,4,165788.0
OI00280,O0130,P027,1,19589.0
OI00281,O0241,P001,5,232625.0
OI00282,O0027,P012,2,63492.0
OI00283,O0333,P003,1,18429.0
OI00284,O0387,P001,2,93050.0
OI00285,O0103,P027,1,19589.0
OI00286,O0319,P005,2,30746.0
OI00287,O0065,P016,1,42919.0
OI00288,O0289,P007,4,17744.0
OI00289,O0359,P009,3,35031.0
OI00290,O0086,P020,5,208820.0
OI00291,O0494,P024,1,45080.0
OI00292,O0399,P027,2,39178.0
OI00293,O0494,P010,1,6895.0
OI00294,O0297,P001,3,139575.0
OI00295,O0295,P022,4,186856.0
OI00296,O0204,P023,2,76820.0
OI00297,O0039,P019,2,57286.0
OI00298,O0053,P023,3,115230.0
OI00299,O0436,P022,5,233570.0
OI00300,O0413,P004,5,39465.0
OI00301,O0401,P002,3,62490.0
OI00302,O0273,P014,3,100056.0
OI00303,O0036,P017,3,19800.0
OI00304,O0007,P028,4,177936.0
OI00305,O0422,P016,1,42919.0
OI00306,O0222,P012,4,126984.0
OI00307,O0363,P005,4,61492.0
OI00308,O0091,P024,5,225400.0
OI00309,O0495,P021,3,30021.0
OI00310,O0316,P026,5,46040.0
OI00311,O0397,P016,4,171676.0
OI00312,O0224,P027,5,97945.0
OI00313,O0138,P011,2,41476.0
OI00314,O0426,P030,1,37212.0
OI00315,O0143,P029,4,73812.0
OI00316,O0125,P025,4,165788.0
OI00317,O0292,P020,4,167056.0
OI00318,O0173,P001,4,186100.0
OI00319,O0436,P011,2,41476.0
OI00320,O0250,P007,3,13308.0
OI00321,O0409,P009,3,35031.0
OI00322,O0144,P029,5,92265.0
OI00323,O0360,P029,3,55359.0
OI00324,O0285,P001,5,232625.0
OI00325,O0486,P007,1,4436.0
OI00326,O0124,P024,4,180320.0
OI00327,O0251,P018,2,60248.0
OI00328,O0354,P016,4,171676.0
OI00329,O0230,P026,1,9208.0
OI00330,O0048,P010,2,13790.0
OI00331,O0208,P023,2,76820.0
OI00332,O0157,P022,5,233570.0
OI00333,O0189,P016,5,214595.0
OI00334,O0272,P012,4,126984.0
OI00335,O0382,P018,3,90372.0
OI00336,O0181,P023,4,153640.0
OI00337,O0139,P010,3,20685.0
OI00338,O0119,P004,2,15786.0
OI00339,O0162,P004,5,39465.0
OI00340,O0487,P025,2,82894.0
OI00341,O0099,P007,4,17744.0
OI00342,O0142,P024,5,225400.0
OI00343,O0390,P017,5,33000.0
OI00344,O0145,P004,2,15786.0
OI00345,O0152,P008,3,29262.0
OI00346,O0092,P010,1,6895.0
OI00347,O0363,P018,2,60248.0
OI00348,O0141,P002,1,20830.0
OI00349,O0284,P010,2,13790.0
OI00350,O0327,P028,4,177936.0
OI00351,O0053,P028,1,44484.0
OI00352,O0294,P010,4,27580.0
OI00353,O0246,P015,3,122370.0
OI00354,O0095,P002,3,62490.0
OI00355,O0482,P028,4,177936.0
OI00356,O0059,P027,1,19589.0
OI00357,O0206,P016,1,42919.0
OI00358,O0296,P021,1,10007.0
OI00359,O0078,P005,5,76865.0
OI00360,O0486,P010,1,6895.0
OI00361,O0128,P004,5,39465.0
OI00362,O0392,P014,5,166760.0
OI00363,O0306,P026,5,46040.0
OI00364,O0116,P025,5,207235.0
OI00365,O0195,P015,4,163160.0
OI00366,O0153,P028,5,222420.0
OI00367,O0220,P010,5,34475.0
OI00368,O0318,P002,5,104150.0
OI00369,O0492,P024,1,45080.0
OI00370,O0486,P025,2,82894.0
OI00371,O0321,P007,3,13308.0
OI00372,O0339,P003,2,36858.0
OI00373,O0123,P006,5,241665.0
OI00374,O0039,P006,1,48333.0
OI00375,O0210,P015,5,203950.0
OI00376,O0241,P010,1,6895.0
OI00377,O0119,P010,3,20685.0
OI00378,O0360,P028,4,177936.0
OI00379,O0037,P022,2,93428.0
OI00380,O0474,P009,5,58385.0
OI00381,O0339,P026,2,18416.0
OI00382,O0218,P004,5,39465.0
OI00383,O0116,P021,2,20014.0
OI00384,O0466,P009,2,23354.0
OI00385,O0037,P002,2,41660.0
OI00386,O0406,P010,5,34475.0
OI00387,O0384,P027,5,97945.0
OI00388,O0472,P010,4,27580.0
OI00389,O0064,P015,3,122370.0
OI00390,O0359,P013,3,148212.0
OI00391,O0257,P018,4,120496.0
OI00392,O0225,P003,5,92145.0
OI00393,O0021,P029,4,73812.0
OI00394,O0377,P011,5,103690.0
OI00395,O0129,P001,1,46525.0
OI00396,O0118,P022,5,233570.0
OI00397,O0301,P001,3,139575.0
OI00398,O0296,P002,2,41660.0
OI00399,O0241,P017,4,26400.0
OI00400,O0470,P009,2,23354.0
OI00401,O0300,P014,4,133408.0
OI00402,O0497,P003,4,73716.0
OI00403,O0179,P014,3,100056.0
OI00404,O0165,P022,1,46714.0
OI00405,O0440,P006,3,144999.0
OI00406,O0211,P023,4,153640.0
OI00407,O0148,P022,4,186856.0
OI00408,O0417,P025,5,207235.0
OI00409,O0019,P015,1,40790.0
OI00410,O0162,P009,3,35031.0
OI00411,O0060,P025,4,165788.0
OI00412,O0443,P017,1,6600.0
OI00413,O0337,P028,5,222420.0
OI00414,O0237,P014,1,33352.0
OI00415,O0097,P017,3,19800.0
OI00416,O0319,P025,4,165788.0
OI00417,O0321,P015,1,40790.0
OI00418,O0105,P009,5,58385.0
OI00419,O0068,P030,3,111636.0
OI00420,O0225,P029,4,73812.0
OI00421,O0063,P001,5,232625.0
OI00422,O0410,P008,2,19508.0
OI00423,O0160,P018,1,30124.0
OI00424,O0283,P014,1,33352.0
OI00425,O0116,P027,1,19589.0
OI00426,O0237,P004,2,15786.0
OI00427,O0256,P030,3,111636.0
OI00428,O0261,P023,3,115230.0
OI00429,O0213,P027,4,78356.0
OI00430,O0242,P008,4,39016.0
OI00431,O0283,P005,4,61492.0
OI00432,O0098,P030,5,186060.0
OI00433,O0261,P024,2,90160.0
OI00434,O0443,P003,3,55287.0
OI00435,O0396,P026,4,36832.0
OI00436,O0175,P030,5,186060.0
OI00437,O0137,P027,1,19589.0
OI00438,O0145,P024,3,135240.0
OI00439,O0429,P019,5,143215.0
OI00440,O0338,P016,2,85838.0
OI00441,O0229,P018,4,120496.0
OI00442,O0177,P011,5,103690.0
OI00443,O0391,P018,4,120496.0
OI00444,O0234,P030,3,111636.0
OI00445,O0446,P007,2,8872.0
OI00446,O0293,P013,2,98808.0
OI00447,O0439,P025,4,165788.0
OI00448,O0023,P011,4,82952.0
OI00449,O0362,P030,4,148848.0
OI00450,O0198,P022,2,93428.0
OI00451,O0254,P002,2,41660.0
OI00452,O0258,P019,3,85929.0
OI00453,O0446,P004,4,31572.0
OI00454,O0052,P017,4,26400.0
OI00455,O0008,P024,2,90160.0
OI00456,O0210,P028,2,88968.0
OI00457,O0039,P016,3,128757.0
OI00458,O0174,P020,4,167056.0
OI00459,O0333,P003,3,55287.0
OI00460,O0437,P022,5,233570.0
OI00461,O0195,P011,4,82952.0
OI00462,O0447,P018,1,30124.0
OI00463,O0317,P003,2,36858.0
OI00464,O0324,P022,3,140142.0
OI00465,O0117,P024,1,45080.0
OI00466,O0223,P004,1,7893.0
OI00467,O0228,P006,3,144999.0
OI00468,O0463,P001,1,46525.0
OI00469,O0167,P026,1,9208.0
OI00470,O0151,P012,3,95238.0
OI00471,O0221,P005,2,30746.0
OI00472,O0272,P014,5,166760.0
OI00473,O0350,P026,2,18416.0
OI00474,O0088,P006,1,48333.0
OI00475,O0313,P028,4,177936.0
OI00476,O0318,P022,2,93428.0
OI00477,O0255,P030,5,186060.0
OI00478,O0074,P008,4,39016.0
OI00479,O0327,P009,4,46708.0
OI00480,O0131,P022,1,46714.0
OI00481,O0461,P026,4,36832.0
OI00482,O0462,P010,5,34475.0
OI00483,O0081,P003,4,73716.0
OI00484,O0484,P012,5,158730.0
OI00485,O0154,P021,4,40028.0
OI00486,O0354,P009,4,46708.0
OI00487,O0433,P010,2,13790.0
OI00488,O0197,P028,4,177936.0
OI00489,O0055,P008,4,39016.0
OI00490,O0293,P012,5,158730.0
OI00491,O0152,P023,3,115230.0
OI00492,O0012,P027,4,78356.0
OI00493,O0141,P001,5,232625.0
OI00494,O0443,P022,1,46714.0
OI00495,O0467,P020,4,167056.0
OI00496,O0427,P029,3,55359.0
OI00497,O0398,P026,2,18416.0
OI00498,O0311,P026,3,27624.0
OI00499,O0113,P021,2,20014.0
OI00500,O0318,P009,2,23354.0
OI00501,O0322,P004,1,7893.0
OI00502,O0159,P026,4,36832.0
OI00503,O0018,P019,3,85929.0
OI00504,O0375,P005,1,15373.0
OI00505,O0466,P010,3,20685.0
OI00506,O0383,P014,2,66704.0
OI00507,O0103,P005,5,76865.0
OI00508,O0449,P012,5,158730.0
OI00509,O0257,P030,3,111636.0
OI00510,O0426,P006,3,144999.0
OI00511,O0468,P027,4,78356.0
OI00512,O0496,P026,3,27624.0
OI00513,O0383,P028,3,133452.0
OI00514,O0412,P004,4,31572.0
OI00515,O0494,P003,2,36858.0
OI00516,O0387,P008,4,39016.0
OI00517,O0496,P028,5,222420.0
OI00518,O0188,P003,4,73716.0
OI00519,O0008,P009,5,58385.0
OI00520,O0064,P015,3,122370.0
OI00521,O0345,P024,3,135240.0
OI00522,O0300,P013,3,148212.0
OI00523,O0056,P022,2,93428.0
OI00524,O0242,P001,5,232625.0
OI00525,O0453,P018,3,90372.0
OI00526,O0469,P020,2,83528.0
OI00527,O0332,P003,4,73716.0
OI00528,O0466,P023,3,115230.0
OI00529,O0333,P014,1,33352.0
OI00530,O0072,P002,1,20830.0
OI00531,O0156,P016,1,42919.0
OI00532,O0050,P008,5,48770.0
OI00533,O0070,P013,4,197616.0
OI00534,O0190,P022,5,233570.0
OI00535,O0215,P019,2,57286.0
OI00536,O0454,P014,1,33352.0
OI00537,O0427,P016,5,214595.0
OI00538,O0209,P009,1,11677.0
OI00539,O0354,P012,2,63492.0
OI00540,O0228,P015,2,81580.0
OI00541,O0438,P012,1,31746.0
OI00542,O0352,P012,5,158730.0
OI00543,O0462,P021,3,30021.0
OI00544,O0032,P013,3,148212.0
OI00545,O0098,P004,4,31572.0
OI00546,O0047,P022,2,93428.0
OI00547,O0329,P021,5,50035.0
OI00548,O0498,P001,1,46525.0
OI00549,O0403,P011,2,41476.0
OI00550,O0065,P026,5,46040.0
OI00551,O0106,P003,5,92145.0
OI00552,O0107,P019,2,57286.0
OI00553,O0417,P028,2,88968.0
OI00554,O0169,P025,2,82894.0
OI00555,O0404,P029,5,92265.0
OI00556,O0002,P009,2,23354.0
OI00557,O0067,P018,3,90372.0
OI00558,O0409,P006,1,48333.0
OI00559,O0339,P028,1,44484.0
OI00560,O0068,P001,3,139575.0
OI00561,O0405,P026,2,18416.0
OI00562,O0302,P011,1,20738.0
OI00563,O0090,P009,1,11677.0
OI00564,O0065,P024,4,180320.0
OI00565,O0270,P004,1,7893.0
OI00566,O0244,P015,3,122370.0
OI00567,O0263,P019,1,28643.0
OI00568,O0232,P017,2,13200.0
OI00569,O0485,P020,1,41764.0
OI00570,O0373,P026,5,46040.0
OI00571,O0155,P015,1,40790.0
OI00572,O0032,P016,4,171676.0
OI00573,O0219,P022,1,46714.0
OI00574,O0252,P023,4,153640.0
OI00575,O0038,P029,1,18453.0
OI00576,O0165,P020,2,83528.0
OI00577,O0034,P005,3,46119.0
OI00578,O0320,P021,5,50035.0
OI00579,O0281,P023,3,115230.0
OI00580,O0196,P020,5,208820.0
OI00581,O0151,P015,5,203950.0
OI00582,O0310,P014,1,33352.0
OI00583,O0407,P023,1,38410.0
OI00584,O0437,P021,5,50035.0
OI00585,O0370,P028,2,88968.0
OI00586,O0221,P015,2,81580.0
OI00587,O0212,P011,4,82952.0
OI00588,O0205,P014,1,33352.0
OI00589,O0161,P014,3,100056.0
OI00590,O0341,P009,3,35031.0
OI00591,O0489,P005,4,61492.0
OI00592,O0035,P003,1,18429.0
OI00593,O0048,P014,1,33352.0
OI00594,O0382,P024,3,135240.0
OI00595,O0416,P005,5,76865.0
OI00596,O0031,P019,5,143215.0
OI00597,O0288,P011,1,20738.0
OI00598,O0211,P012,4,126984.0
OI00599,O0445,P030,1,37212.0
OI00600,O0496,P010,5,34475.0
OI00601,O0160,P012,1,31746.0
OI00602,O0296,P017,2,13200.0
OI00603,O0080,P022,4,186856.0
OI00604,O0115,P028,1,44484.0
OI00605,O0180,P028,5,222420.0
OI00606,O0189,P004,3,23679.0
OI00607,O0294,P008,4,39016.0
OI00608,O0433,P018,5,150620.0
OI00609,O0315,P022,5,233570.0
OI00610,O0014,P020,3,125292.0
OI00611,O0015,P006,3,144999.0
OI00612,O0360,P025,3,124341.0
OI00613,O0472,P011,3,62214.0
OI00614,O0004,P006,2,96666.0
OI00615,O0290,P022,4,186856.0
OI00616,O0036,P005,1,15373.0
OI00617,O0047,P024,5,225400.0
OI00618,O0111,P013,4,197616.0
OI00619,O0233,P011,2,41476.0
OI00620,O0190,P010,3,20685.0
OI00621,O0398,P019,5,143215.0
OI00622,O0044,P029,1,18453.0
OI00623,O0080,P006,5,241665.0
OI00624,O0026,P022,1,46714.0
OI00625,O0140,P015,4,163160.0
OI00626,O0249,P020,4,167056.0
OI00627,O0213,P009,2,23354.0
OI00628,O0387,P017,1,6600.0
OI00629,O0177,P014,1,33352.0
OI00630,O0146,P022,5,233570.0
OI00631,O0250,P017,3,19800.0
OI00632,O0024,P008,4,39016.0
OI00633,O0307,P002,1,20830.0
OI00634,O0105,P010,2,13790.0
OI00635,O0393,P005,3,46119.0
OI00636,O0149,P011,1,20738.0
OI00637,O0004,P016,4,171676.0
OI00638,O0090,P005,4,61492.0
OI00639,O0273,P023,2,76820.0
OI00640,O0257,P018,3,90372.0
OI00641,O0037,P013,1,49404.0
OI00642,O0224,P001,4,186100.0
OI00643,O0472,P003,3,55287.0
OI00644,O0295,P014,5,166760.0
OI00645,O0208,P023,4,153640.0
OI00646,O0149,P004,4,31572.0
OI00647,O0011,P011,2,41476.0
OI00648,O0411,P020,4,167056.0
OI00649,O0426,P023,3,115230.0
OI00650,O0046,P014,1,33352.0
OI00651,O0125,P014,5,166760.0
OI00652,O0206,P017,1,6600.0
OI00653,O0203,P028,3,133452.0
OI00654,O0382,P011,2,41476.0
OI00655,O0171,P025,2,82894.0
OI00656,O0040,P017,1,6600.0
OI00657,O0272,P017,2,13200.0
OI00658,O0464,P025,3,124341.0
OI00659,O0180,P024,2,90160.0
OI00660,O0121,P004,2,15786.0
OI00661,O0132,P007,2,8872.0
OI00662,O0309,P005,1,15373.0
OI00663,O0091,P025,4,165788.0
OI00664,O0238,P025,5,207235.0
OI00665,O0390,P019,4,114572.0
OI00666,O0349,P030,5,186060.0
OI00667,O0330,P021,5,50035.0
OI00668,O0166,P028,3,133452.0
OI00669,O0078,P015,1,40790.0
OI00670,O0241,P015,3,122370.0
OI00671,O0408,P009,5,58385.0
OI00672,O0029,P012,5,158730.0
OI00673,O0038,P010,4,27580.0
OI00674,O0232,P002,1,20830.0
OI00675,O0189,P027,3,58767.0
OI00676,O0040,P021,1,10007.0
OI00677,O0315,P020,5,208820.0
OI00678,O0197,P015,5,203950.0
OI00679,O0284,P026,1,9208.0
OI00680,O0231,P030,5,186060.0
OI00681,O0334,P007,3,13308.0
OI00682,O0310,P016,5,214595.0
OI00683,O0078,P002,4,83320.0
OI00684,O0053,P026,3,27624.0
OI00685,O0366,P003,5,92145.0
OI00686,O0331,P006,1,48333.0
OI00687,O0127,P023,4,153640.0
OI00688,O0225,P017,5,33000.0
OI00689,O0313,P006,3,144999.0
OI00690,O0191,P030,3,111636.0
OI00691,O0199,P014,3,100056.0
OI00692,O0348,P020,1,41764.0
OI00693,O0405,P021,3,30021.0
OI00694,O0034,P011,1,20738.0
OI00695,O0286,P022,4,186856.0
OI00696,O0146,P009,5,58385.0
OI00697,O0448,P005,3,46119.0
OI00698,O0042,P019,2,57286.0
OI00699,O0470,P012,3,95238.0
OI00700,O0496,P021,4,40028.0
OI00701,O0067,P020,1,41764.0
OI00702,O0159,P018,4,120496.0
OI00703,O0330,P026,3,27624.0
OI00704,O0417,P005,5,76865.0
OI00705,O0048,P021,4,40028.0
OI00706,O0261,P012,1,31746.0
OI00707,O0186,P010,2,13790.0
OI00708,O0487,P007,3,13308.0
OI00709,O0486,P025,4,165788.0
OI00710,O0099,P008,2,19508.0
OI00711,O0080,P003,3,55287.0
OI00712,O0433,P026,1,9208.0
OI00713,O0260,P025,5,207235.0
OI00714,O0428,P024,5,225400.0
OI00715,O0020,P022,3,140142.0
OI00716,O0449,P025,5,207235.0
OI00717,O0068,P020,4,167056.0
OI00718,O0079,P006,2,96666.0
OI00719,O0426,P023,5,192050.0
OI00720,O0415,P029,2,36906.0
OI00721,O0370,P015,1,40790.0
OI00722,O0211,P012,2,63492.0
OI00723,O0497,P015,5,203950.0
OI00724,O0146,P025,4,165788.0
OI00725,O0120,P018,2,60248.0
OI00726,O0159,P026,4,36832.0
OI00727,O0463,P027,2,39178.0
OI00728,O0189,P022,5,233570.0
OI00729,O0226,P015,3,122370.0
OI00730,O0399,P013,5,247020.0
OI00731,O0271,P014,2,66704.0
OI00732,O0419,P007,5,22180.0
OI00733,O0071,P028,3,133452.0
OI00734,O0027,P021,4,40028.0
OI00735,O0448,P012,5,158730.0
OI00736,O0479,P004,5,39465.0
OI00737,O0436,P004,3,23679.0
OI00738,O0043,P025,2,82894.0
OI00739,O0140,P015,5,203950.0
OI00740,O0076,P027,4,78356.0
OI00741,O0047,P030,2,74424.0
OI00742,O0419,P015,3,122370.0
OI00743,O0477,P001,4,186100.0
OI00744,O0028,P013,5,247020.0
OI00745,O0192,P008,4,39016.0
OI00746,O0042,P012,2,63492.0
OI00747,O0015,P011,1,20738.0
OI00748,O0430,P023,3,115230.0
OI00749,O0406,P005,2,30746.0
OI00750,O0020,P010,4,27580.0
OI00751,O0357,P027,2,39178.0
OI00752,O0389,P023,4,153640.0
OI00753,O0230,P020,1,41764.0
OI00754,O0464,P003,1,18429.0
OI00755,O0132,P007,2,8872.0
OI00756,O0281,P024,5,225400.0
OI00757,O0271,P014,1,33352.0
OI00758,O0398,P010,2,13790.0
OI00759,O0155,P004,1,7893.0
OI00760,O0123,P014,5,166760.0
OI00761,O0235,P003,1,18429.0
OI00762,O0429,P029,4,73812.0
OI00763,O0306,P018,1,30124.0
OI00764,O0324,P017,5,33000.0
OI00765,O0124,P023,2,76820.0
OI00766,O0150,P014,1,33352.0
OI00767,O0315,P012,2,63492.0
OI00768,O0293,P014,2,66704.0
OI00769,O0341,P022,1,46714.0
OI00770,O0269,P012,1,31746.0
OI00771,O0489,P017,5,33000.0
OI00772,O0260,P026,5,46040.0
OI00773,O0284,P001,4,186100.0
OI00774,O0448,P016,1,42919.0
OI00775,O0326,P013,3,148212.0
OI00776,O0130,P024,1,45080.0
OI00777,O0183,P026,1,9208.0
OI00778,O0177,P008,1,9754.0
OI00779,O0396,P019,3,85929.0
OI00780,O0069,P002,3,62490.0
OI00781,O0280,P011,2,41476.0
OI00782,O0426,P025,4,165788.0
OI00783,O0357,P016,2,85838.0
OI00784,O0416,P005,1,15373.0
OI00785,O0367,P025,4,165788.0
OI00786,O0019,P010,2,13790.0
OI00787,O0023,P026,2,18416.0
OI00788,O0454,P002,3,62490.0
OI00789,O0478,P010,5,34475.0
OI00790,O0204,P027,5,97945.0
OI00791,O0243,P009,1,11677.0
OI00792,O0386,P021,2,20014.0
OI00793,O0147,P012,1,31746.0
OI00794,O0444,P021,3,30021.0
OI00795,O0140,P004,3,23679.0
OI00796,O0224,P029,4,73812.0
OI00797,O0381,P015,4,163160.0
OI00798,O0174,P006,4,193332.0
OI00799,O0355,P016,3,128757.0
OI00800,O0474,P026,5,46040.0
OI00801,O0137,P026,1,9208.0
OI00802,O0373,P014,1,33352.0
OI00803,O0221,P020,2,83528.0
OI00804,O0280,P010,3,20685.0
OI00805,O0053,P003,3,55287.0
OI00806,O0339,P010,3,20685.0
OI00807,O0229,P020,4,167056.0
OI00808,O0086,P023,4,153640.0
OI00809,O0180,P015,1,40790.0
OI00810,O0373,P028,3,133452.0
OI00811,O0315,P014,3,100056.0
OI00812,O0328,P026,1,9208.0
OI00813,O0039,P022,4,186856.0
OI00814,O0187,P017,2,13200.0
OI00815,O0488,P001,2,93050.0
OI00816,O0435,P020,4,167056.0
OI00817,O0018,P005,1,15373.0
OI00818,O0121,P025,3,124341.0
OI00819,O0186,P013,5,247020.0
OI00820,O0017,P020,2,83528.0
OI00821,O0348,P015,3,122370.0
OI00822,O0191,P015,1,40790.0
OI00823,O0294,P005,5,76865.0
OI00824,O0188,P013,3,148212.0
OI00825,O0333,P009,2,23354.0
OI00826,O0492,P004,1,7893.0
OI00827,O0377,P006,4,193332.0
OI00828,O0266,P013,5,247020.0
OI00829,O0061,P009,3,35031.0
OI00830,O0361,P015,2,81580.0
OI00831,O0314,P010,4,27580.0
OI00832,O0103,P004,2,15786.0
OI00833,O0437,P003,4,73716.0
OI00834,O0089,P029,4,73812.0
OI00835,O0045,P026,3,27624.0
OI00836,O0342,P012,1,31746.0
OI00837,O0282,P018,3,90372.0
OI00838,O0457,P010,2,13790.0
OI00839,O0365,P023,2,76820.0
OI00840,O0407,P012,5,158730.0
OI00841,O0115,P004,2,15786.0
OI00842,O0406,P005,2,30746.0
OI00843,O0405,P016,1,42919.0
OI00844,O0185,P018,5,150620.0
OI00845,O0189,P015,5,203950.0
OI00846,O0067,P020,1,41764.0
OI00847,O0034,P010,4,27580.0
OI00848,O0368,P024,4,180320.0
OI00849,O0270,P014,4,133408.0
OI00850,O0422,P019,1,28643.0
OI00851,O0065,P011,1,20738.0
OI00852,O0231,P015,5,203950.0
OI00853,O0177,P005,5,76865.0
OI00854,O0328,P019,2,57286.0
OI00855,O0394,P005,4,61492.0
OI00856,O0258,P030,1,37212.0
OI00857,O0426,P004,5,39465.0
OI00858,O0079,P010,2,13790.0
OI00859,O0083,P011,2,41476.0
OI00860,O0178,P017,3,19800.0
OI00861,O0434,P003,3,55287.0
OI00862,O0101,P021,5,50035.0
OI00863,O0141,P005,3,46119.0
OI00864,O0315,P018,1,30124.0
OI00865,O0258,P021,2,20014.0
OI00866,O0304,P019,2,57286.0
OI00867,O0088,P022,5,233570.0
OI00868,O0369,P029,5,92265.0
OI00869,O0173,P027,5,97945.0
OI00870,O0022,P027,1,19589.0
OI00871,O0042,P002,5,104150.0
OI00872,O0136,P021,2,20014.0
OI00873,O0393,P019,4,114572.0
OI00874,O0317,P021,1,10007.0
OI00875,O0255,P029,5,92265.0
OI00876,O0149,P021,3,30021.0
OI00877,O0248,P008,4,39016.0
OI00878,O0153,P015,1,40790.0
OI00879,O0353,P002,2,41660.0
OI00880,O0226,P014,4,133408.0
OI00881,O0238,P007,3,13308.0
OI00882,O0311,P005,3,46119.0
OI00883,O0442,P023,3,115230.0
OI00884,O0376,P028,3,133452.0
OI00885,O0500,P013,2,98808.0
OI00886,O0390,P012,5,158730.0
OI00887,O0288,P004,3,23679.0
OI00888,O0124,P015,1,40790.0
OI00889,O0137,P015,2,81580.0
OI00890,O0073,P004,1,7893.0
OI00891,O0149,P013,5,247020.0
OI00892,O0215,P008,2,19508.0
OI00893,O0417,P011,5,103690.0
OI00894,O0370,P011,2,41476.0
OI00895,O0391,P006,4,193332.0
OI00896,O0264,P015,4,163160.0
OI00897,O0451,P010,4,27580.0
OI00898,O0012,P003,4,73716.0
OI00899,O0259,P015,2,81580.0
OI00900,O0111,P019,3,85929.0
OI00901,O0025,P002,3,62490.0
OI00902,O0254,P020,4,167056.0
OI00903,O0147,P018,1,30124.0
OI00904,O0434,P004,4,31572.0
OI00905,O0069,P029,3,55359.0
OI00906,O0373,P012,4,126984.0
OI00907,O0188,P002,4,83320.0
OI00908,O0027,P019,5,143215.0
OI00909,O0100,P012,5,158730.0
OI00910,O0148,P003,4,73716.0
OI00911,O0259,P015,5,203950.0
OI00912,O0144,P027,5,97945.0
OI00913,O0349,P020,1,41764.0
OI00914,O0066,P004,4,31572.0
OI00915,O0192,P026,3,27624.0
OI00916,O0286,P012,2,63492.0
OI00917,O0102,P020,5,208820.0
OI00918,O0206,P017,1,6600.0
OI00919,O0024,P002,2,41660.0
OI00920,O0366,P011,4,82952.0
OI00921,O0266,P015,2,81580.0
OI00922,O0311,P029,5,92265.0
OI00923,O0072,P011,5,103690.0
OI00924,O0164,P006,4,193332.0
OI00925,O0316,P024,3,135240.0
OI00926,O0304,P011,5,103690.0
OI00927,O0425,P017,5,33000.0
OI00928,O0251,P023,5,192050.0
OI00929,O0154,P016,1,42919.0
OI00930,O0189,P011,1,20738.0
OI00931,O0214,P019,3,85929.0
OI00932,O0408,P029,1,18453.0
OI00933,O0306,P016,3,128757.0
OI00934,O0496,P021,5,50035.0
OI00935,O0296,P008,1,9754.0
OI00936,O0299,P016,2,85838.0
OI00937,O0269,P021,5,50035.0
OI00938,O0397,P027,4,78356.0
OI00939,O0076,P027,2,39178.0
OI00940,O0017,P019,1,28643.0
OI00941,O0098,P001,4,186100.0
OI00942,O0161,P014,2,66704.0
OI00943,O0212,P023,2,76820.0
OI00944,O0211,P017,5,33000.0
OI00945,O0472,P016,1,42919.0
OI00946,O0362,P005,5,76865.0
OI00947,O0107,P018,3,90372.0
OI00948,O0340,P016,5,214595.0
OI00949,O0193,P011,2,41476.0
OI00950,O0236,P030,5,186060.0
OI00951,O0176,P018,3,90372.0
OI00952,O0347,P025,3,124341.0
OI00953,O0313,P016,2,85838.0
OI00954,O0491,P008,3,29262.0
OI00955,O0286,P010,2,13790.0
OI00956,O0483,P010,3,20685.0
OI00957,O0361,P007,4,17744.0
OI00958,O0163,P016,3,128757.0
OI00959,O0287,P030,3,111636.0
OI00960,O0148,P004,5,39465.0
OI00961,O0347,P018,4,120496.0
OI00962,O0459,P013,3,148212.0
OI00963,O0489,P025,2,82894.0
OI00964,O0149,P002,3,62490.0
OI00965,O0490,P023,1,38410.0
OI00966,O0178,P030,4,148848.0
OI00967,O0336,P009,4,46708.0
OI00968,O0110,P007,5,22180.0
OI00969,O0139,P030,5,186060.0
OI00970,O0357,P009,2,23354.0
OI00971,O0056,P020,5,208820.0
OI00972,O0123,P008,1,9754.0
OI00973,O0343,P029,5,92265.0
OI00974,O0116,P021,2,20014.0
OI00975,O0027,P004,4,31572.0
OI00976,O0170,P023,4,153640.0
OI00977,O0052,P022,2,93428.0
OI00978,O0003,P018,2,60248.0
OI00979,O0209,P021,4,40028.0
OI00980,O0245,P021,2,20014.0
OI00981,O0388,P010,3,20685.0
OI00982,O0147,P021,1,10007.0
OI00983,O0465,P025,1,41447.0
OI00984,O0334,P019,2,57286.0
OI00985,O0274,P024,1,45080.0
OI00986,O0468,P030,2,74424.0
OI00987,O0214,P029,2,36906.0
OI00988,O0479,P030,1,37212.0
OI00989,O0429,P013,4,197616.0
OI00990,O0096,P030,3,111636.0
OI00991,O0449,P002,1,20830.0
OI00992,O0153,P019,5,143215.0
OI00993,O0055,P030,3,111636.0
OI00994,O0146,P015,5,203950.0
OI00995,O0269,P016,2,85838.0
OI00996,O0436,P017,4,26400.0
OI00997,O0140,P007,1,4436.0
OI00998,O0170,P006,4,193332.0
OI00999,O0332,P009,2,23354.0
OI01000,O0008,P024,3,135240.0
OI01001,O0405,P010,5,34475.0
OI01002,O0346,P025,2,82894.0
OI01003,O0090,P020,4,167056.0
OI01004,O0424,P014,5,166760.0
OI01005,O0168,P003,4,73716.0
OI01006,O0343,P004,2,15786.0
OI01007,O0072,P016,3,128757.0
OI01008,O0480,P008,1,9754.0
OI01009,O0134,P013,2,98808.0
OI01010,O0229,P025,3,124341.0
OI01011,O0489,P011,3,62214.0
OI01012,O0299,P024,5,225400.0
OI01013,O0006,P009,3,35031.0
OI01014,O0355,P008,1,9754.0
OI01015,O0342,P004,4,31572.0
OI01016,O0158,P006,4,193332.0
OI01017,O0352,P017,3,19800.0
OI01018,O0354,P004,3,23679.0
OI01019,O0189,P020,2,83528.0
OI01020,O0113,P005,4,61492.0
OI01021,O0079,P015,5,203950.0
OI01022,O0192,P014,5,166760.0
OI01023,O0468,P016,5,214595.0
OI01024,O0411,P022,2,93428.0
OI01025,O0391,P008,5,48770.0
OI01026,O0448,P026,1,9208.0
OI01027,O0270,P015,5,203950.0
OI01028,O0361,P012,1,31746.0
OI01029,O0470,P019,1,28643.0
OI01030,O0032,P027,5,97945.0
OI01031,O0463,P017,2,13200.0
OI01032,O0294,P018,2,60248.0
OI01033,O0085,P011,5,103690.0
OI01034,O0227,P004,2,15786.0
OI01035,O0368,P019,4,114572.0
OI01036,O0047,P029,5,92265.0
OI01037,O0229,P026,1,9208.0
OI01038,O0233,P005,5,76865.0
OI01039,O0213,P015,5,203950.0
OI01040,O0030,P018,4,120496.0
OI01041,O0345,P026,3,27624.0
OI01042,O0371,P001,4,186100.0
OI01043,O0131,P027,1,19589.0
OI01044,O0382,P007,5,22180.0
OI01045,O0038,P002,4,83320.0
OI01046,O0177,P023,1,38410.0
OI01047,O0278,P002,1,20830.0
OI01048,O0479,P016,1,42919.0
OI01049,O0147,P014,2,66704.0
OI01050,O0394,P005,4,61492.0
OI01051,O0192,P029,4,73812.0
OI01052,O0230,P028,4,177936.0
OI01053,O0193,P003,5,92145.0
OI01054,O0069,P021,3,30021.0
OI01055,O0061,P006,5,241665.0
OI01056,O0202,P017,2,13200.0
OI01057,O0373,P008,1,9754.0
OI01058,O0388,P001,3,139575.0
OI01059,O0238,P022,5,233570.0
OI01060,O0218,P018,4,120496.0
OI01061,O0422,P008,2,19508.0
OI01062,O0236,P012,2,63492.0
OI01063,O0142,P007,1,4436.0
OI01064,O0017,P026,4,36832.0
OI01065,O0315,P025,1,41447.0
OI01066,O0124,P007,1,4436.0
OI01067,O0052,P020,1,41764.0
OI01068,O0229,P020,1,41764.0
OI01069,O0126,P024,1,45080.0
OI01070,O0206,P015,2,81580.0
OI01071,O0277,P007,1,4436.0
OI01072,O0072,P017,3,19800.0
OI01073,O0120,P027,5,97945.0
OI01074,O0164,P019,5,143215.0
OI01075,O0396,P022,3,140142.0
OI01076,O0122,P010,2,13790.0
OI01077,O0339,P017,2,13200.0
OI01078,O0212,P010,3,20685.0
OI01079,O0032,P018,5,150620.0
OI01080,O0451,P024,2,90160.0
OI01081,O0321,P022,4,186856.0
OI01082,O0285,P016,1,42919.0
OI01083,O0498,P012,4,126984.0
OI01084,O0403,P017,3,19800.0
OI01085,O0357,P014,4,133408.0
OI01086,O0077,P010,4,27580.0
OI01087,O0095,P025,5,207235.0
OI01088,O0243,P008,2,19508.0
OI01089,O0154,P028,2,88968.0
OI01090,O0413,P015,1,40790.0
OI01091,O0288,P014,4,133408.0
OI01092,O0286,P017,2,13200.0
OI01093,O0199,P008,3,29262.0
OI01094,O0105,P011,1,20738.0
OI01095,O0473,P015,3,122370.0
OI01096,O0048,P018,2,60248.0
OI01097,O0027,P009,4,46708.0
OI01098,O0345,P020,5,208820.0
OI01099,O0021,P028,1,44484.0
OI01100,O0097,P026,5,46040.0
OI01101,O0371,P022,5,233570.0
OI01102,O0112,P016,2,85838.0
OI01103,O0446,P030,3,111636.0
OI01104,O0156,P030,1,37212.0
OI01105,O0109,P030,2,74424.0
OI01106,O0493,P024,1,45080.0
OI01107,O0383,P025,4,165788.0
OI01108,O0469,P008,5,48770.0
OI01109,O0361,P007,4,17744.0
OI01110,O0469,P008,5,48770.0
OI01111,O0165,P025,3,124341.0
OI01112,O0195,P015,5,203950.0
OI01113,O0333,P012,3,95238.0
OI01114,O0134,P012,5,158730.0
OI01115,O0452,P016,4,171676.0
OI01116,O0051,P026,4,36832.0
OI01117,O0390,P027,3,58767.0
OI01118,O0469,P007,3,13308.0
OI01119,O0161,P014,1,33352.0
OI01120,O0289,P028,2,88968.0
OI01121,O0380,P005,1,15373.0
OI01122,O0134,P018,5,150620.0
OI01123,O0297,P024,4,180320.0
OI01124,O0152,P005,2,30746.0
OI01125,O0169,P008,4,39016.0
OI01126,O0292,P027,2,39178.0
OI01127,O0256,P018,3,90372.0
OI01128,O0132,P025,4,165788.0
OI01129,O0495,P024,4,180320.0
OI01130,O0236,P006,3,144999.0
OI01131,O0087,P005,5,76865.0
OI01132,O0251,P006,5,241665.0
OI01133,O0329,P002,5,104150.0
OI01134,O0018,P027,1,19589.0
OI01135,O0484,P027,1,19589.0
OI01136,O0392,P001,4,186100.0
OI01137,O0071,P027,2,39178.0
OI01138,O0035,P023,2,76820.0
OI01139,O0005,P007,5,22180.0
OI01140,O0234,P012,1,31746.0
OI01141,O0317,P021,5,50035.0
OI01142,O0468,P016,4,171676.0
OI01143,O0009,P001,5,232625.0
OI01144,O0283,P014,1,33352.0
OI01145,O0009,P017,3,19800.0
OI01146,O0275,P010,1,6895.0
OI01147,O0258,P027,4,78356.0
OI01148,O0413,P030,2,74424.0
OI01149,O0055,P030,1,37212.0
OI01150,O0269,P005,2,30746.0
OI01151,O0099,P020,5,208820.0
OI01152,O0130,P027,3,58767.0
OI01153,O0137,P026,4,36832.0
OI01154,O0041,P012,4,126984.0
OI01155,O0236,P019,2,57286.0
OI01156,O0357,P008,3,29262.0
OI01157,O0351,P027,1,19589.0
OI01158,O0335,P028,1,44484.0
OI01159,O0048,P013,4,197616.0
OI01160,O0194,P018,4,120496.0
OI01161,O0029,P021,1,10007.0
OI01162,O0360,P006,1,48333.0
OI01163,O0256,P028,4,177936.0
OI01164,O0331,P026,3,27624.0
OI01165,O0290,P028,1,44484.0
OI01166,O0459,P017,1,6600.0
OI01167,O0118,P007,5,22180.0
OI01168,O0244,P009,1,11677.0
OI01169,O0474,P003,3,55287.0
OI01170,O0461,P018,5,150620.0
OI01171,O0337,P002,2,41660.0
OI01172,O0476,P028,3,133452.0
OI01173,O0009,P007,5,22180.0
OI01174,O0074,P025,4,165788.0
OI01175,O0476,P003,3,55287.0
OI01176,O0084,P019,2,57286.0
OI01177,O0291,P027,4,78356.0
OI01178,O0347,P029,5,92265.0
OI01179,O0170,P013,2,98808.0
OI01180,O0405,P023,1,38410.0
OI01181,O0257,P024,3,135240.0
OI01182,O0028,P004,4,31572.0
OI01183,O0119,P027,1,19589.0
OI01184,O0175,P020,5,208820.0
OI01185,O0489,P020,4,167056.0
OI01186,O0497,P025,3,124341.0
OI01187,O0016,P021,3,30021.0
OI01188,O0402,P015,4,163160.0
OI01189,O0117,P012,5,158730.0
OI01190,O0482,P013,4,197616.0
OI01191,O0096,P022,5,233570.0
OI01192,O0339,P013,1,49404.0
OI01193,O0396,P020,3,125292.0
OI01194,O0409,P008,1,9754.0
OI01195,O0043,P009,2,23354.0
OI01196,O0195,P023,2,76820.0
OI01197,O0379,P013,3,148212.0
OI01198,O0185,P004,1,7893.0
OI01199,O0003,P010,4,27580.0
OI01200,O0185,P025,3,124341.0
OI01201,O0053,P005,1,15373.0
OI01202,O0096,P014,4,133408.0
OI01203,O0286,P018,5,150620.0
OI01204,O0209,P004,1,7893.0
OI01205,O0046,P012,5,158730.0
OI01206,O0048,P020,5,208820.0
OI01207,O0402,P011,4,82952.0
OI01208,O0007,P010,4,27580.0
OI01209,O0199,P025,1,41447.0
OI01210,O0372,P029,5,92265.0
OI01211,O0464,P008,5,48770.0
OI01212,O0267,P006,4,193332.0
OI01213,O0087,P005,3,46119.0
OI01214,O0155,P009,4,46708.0
OI01215,O0075,P003,2,36858.0
OI01216,O0223,P009,4,46708.0
OI01217,O0154,P016,1,42919.0
OI01218,O0185,P009,2,23354.0
OI01219,O0370,P021,4,40028.0
OI01220,O0305,P020,2,83528.0
OI01221,O0235,P004,2,15786.0
OI01222,O0156,P001,4,186100.0
OI01223,O0171,P027,5,97945.0
OI01224,O0195,P026,3,27624.0
OI01225,O0226,P011,4,82952.0
OI01226,O0418,P027,5,97945.0
OI01227,O0070,P010,3,20685.0
OI01228,O0309,P023,2,76820.0
OI01229,O0246,P011,2,41476.0
OI01230,O0494,P013,3,148212.0
OI01231,O0150,P024,4,180320.0
OI01232,O0496,P019,2,57286.0
OI01233,O0167,P013,3,148212.0
OI01234,O0419,P026,4,36832.0
OI01235,O0187,P004,5,39465.0
OI01236,O0103,P019,5,143215.0
OI01237,O0093,P022,5,233570.0
OI01238,O0014,P024,4,180320.0
OI01239,O0483,P023,2,76820.0
OI01240,O0225,P026,3,27624.0
OI01241,O0426,P023,1,38410.0
OI01242,O0420,P028,4,177936.0
OI01243,O0345,P016,2,85838.0
OI01244,O0325,P010,2,13790.0
OI01245,O0130,P022,2,93428.0
OI01246,O0367,P014,4,133408.0
OI01247,O0038,P015,5,203950.0
OI01248,O0246,P019,4,114572.0
OI01249,O0274,P017,4,26400.0
OI01250,O0279,P002,3,62490.0
OI01251,O0360,P029,5,92265.0
OI01252,O0305,P021,1,10007.0
OI01253,O0056,P025,2,82894.0
OI01254,O0337,P022,3,140142.0
OI01255,O0086,P021,5,50035.0
OI01256,O0023,P019,4,114572.0
OI01257,O0496,P025,3,124341.0
OI01258,O0495,P026,4,36832.0
OI01259,O0055,P001,1,46525.0
OI01260,O0133,P008,5,48770.0
OI01261,O0383,P017,5,33000.0
OI01262,O0298,P023,5,192050.0
OI01263,O0114,P015,3,122370.0
OI01264,O0201,P015,5,203950.0
OI01265,O0354,P017,2,13200.0
OI01266,O0177,P001,4,186100.0
OI01267,O0054,P010,4,27580.0
OI01268,O0472,P003,1,18429.0
OI01269,O0426,P024,2,90160.0
OI01270,O0179,P010,3,20685.0
OI01271,O0234,P026,2,18416.0
OI01272,O0267,P016,3,128757.0
OI01273,O0244,P004,4,31572.0
OI01274,O0370,P023,4,153640.0
OI01275,O0164,P003,3,55287.0
OI01276,O0023,P026,1,9208.0
OI01277,O0012,P028,3,133452.0
OI01278,O0332,P004,2,15786.0
OI01279,O0477,P024,2,90160.0
OI01280,O0265,P006,5,241665.0
OI01281,O0082,P011,5,103690.0
OI01282,O0219,P015,2,81580.0
OI01283,O0409,P013,2,98808.0
OI01284,O0096,P021,4,40028.0
OI01285,O0203,P001,5,232625.0
OI01286,O0453,P007,4,17744.0
OI01287,O0304,P014,4,133408.0
OI01288,O0003,P023,2,76820.0
OI01289,O0106,P009,1,11677.0
OI01290,O0296,P004,5,39465.0
OI01291,O0096,P012,3,95238.0
OI01292,O0101,P015,1,40790.0
OI01293,O0135,P022,4,186856.0
OI01294,O0271,P021,3,30021.0
OI01295,O0306,P013,5,247020.0
OI01296,O0201,P019,1,28643.0
OI01297,O0179,P012,4,126984.0
OI01298,O0317,P006,3,144999.0
OI01299,O0471,P020,5,208820.0
OI01300,O0044,P022,2,93428.0
OI01301,O0161,P004,2,15786.0
OI01302,O0157,P004,2,15786.0
OI01303,O0192,P023,2,76820.0
OI01304,O0262,P013,4,197616.0
OI01305,O0306,P005,5,76865.0
OI01306,O0197,P014,2,66704.0
OI01307,O0250,P021,5,50035.0
OI01308,O0356,P030,2,74424.0
OI01309,O0285,P006,4,193332.0
OI01310,O0148,P005,2,30746.0
OI01311,O0162,P027,4,78356.0
OI01312,O0318,P002,3,62490.0
OI01313,O0488,P001,4,186100.0
OI01314,O0070,P007,4,17744.0
OI01315,O0494,P018,5,150620.0
OI01316,O0335,P016,4,171676.0
OI01317,O0351,P016,4,171676.0
OI01318,O0364,P027,4,78356.0
OI01319,O0251,P006,1,48333.0
OI01320,O0290,P001,2,93050.0
OI01321,O0150,P002,3,62490.0
OI01322,O0116,P018,3,90372.0
OI01323,O0087,P025,4,165788.0
OI01324,O0290,P024,4,180320.0
OI01325,O0282,P017,1,6600.0
OI01326,O0294,P004,3,23679.0
OI01327,O0397,P018,3,90372.0
OI01328,O0278,P027,1,19589.0
OI01329,O0390,P024,4,180320.0
OI01330,O0280,P007,4,17744.0
OI01331,O0053,P024,2,90160.0
OI01332,O0153,P028,1,44484.0
OI01333,O0231,P009,3,35031.0
OI01334,O0442,P027,1,19589.0
OI01335,O0225,P028,1,44484.0
OI01336,O0398,P026,2,18416.0
OI01337,O0108,P026,5,46040.0
OI01338,O0353,P012,5,158730.0
OI01339,O0324,P014,2,66704.0
OI01340,O0316,P005,2,30746.0
OI01341,O0417,P007,1,4436.0
OI01342,O0292,P012,5,158730.0
OI01343,O0144,P020,5,208820.0
OI01344,O0087,P011,3,62214.0
OI01345,O0149,P019,3,85929.0
OI01346,O0488,P028,5,222420.0
OI01347,O0461,P022,1,46714.0
OI01348,O0070,P025,4,165788.0
OI01349,O0471,P002,3,62490.0
OI01350,O0444,P021,2,20014.0
OI01351,O0360,P028,2,88968.0
OI01352,O0128,P005,3,46119.0
OI01353,O0425,P008,4,39016.0
OI01354,O0251,P005,5,76865.0
OI01355,O0324,P009,4,46708.0
OI01356,O0193,P015,1,40790.0
OI01357,O0325,P026,1,9208.0
OI01358,O0207,P017,3,19800.0
OI01359,O0356,P030,3,111636.0
OI01360,O0233,P016,3,128757.0
OI01361,O0298,P001,1,46525.0
OI01362,O0375,P015,3,122370.0
OI01363,O0436,P003,5,92145.0
OI01364,O0204,P007,4,17744.0
OI01365,O0423,P007,4,17744.0
OI01366,O0138,P011,3,62214.0
OI01367,O0173,P018,5,150620.0
OI01368,O0067,P019,4,114572.0
OI01369,O0404,P011,1,20738.0
OI01370,O0024,P004,4,31572.0
OI01371,O0009,P004,2,15786.0
OI01372,O0226,P015,1,40790.0
OI01373,O0491,P014,2,66704.0
OI01374,O0353,P030,2,74424.0
OI01375,O0452,P021,3,30021.0
OI01376,O0082,P028,3,133452.0
OI01377,O0048,P021,3,30021.0
OI01378,O0129,P003,3,55287.0
OI01379,O0341,P029,2,36906.0
OI01380,O0027,P013,3,148212.0
OI01381,O0372,P023,2,76820.0
OI01382,O0220,P021,1,10007.0
OI01383,O0361,P004,1,7893.0
OI01384,O0110,P016,1,42919.0
OI01385,O0068,P019,2,57286.0
OI01386,O0266,P022,4,186856.0
OI01387,O0005,P001,3,139575.0
OI01388,O0419,P004,4,31572.0
OI01389,O0356,P005,4,61492.0
OI01390,O0037,P008,4,39016.0
OI01391,O0046,P024,1,45080.0
OI01392,O0053,P011,3,62214.0
OI01393,O0452,P010,2,13790.0
OI01394,O0196,P025,2,82894.0
OI01395,O0329,P022,2,93428.0
OI01396,O0036,P017,5,33000.0
OI01397,O0005,P020,2,83528.0
OI01398,O0226,P012,2,63492.0
OI01399,O0322,P024,2,90160.0
OI01400,O0471,P014,5,166760.0
OI01401,O0352,P015,2,81580.0
OI01402,O0045,P029,1,18453.0
OI01403,O0072,P025,1,41447.0
OI01404,O0302,P024,4,180320.0
OI01405,O0180,P014,3,100056.0
OI01406,O0406,P005,2,30746.0
OI01407,O0142,P021,1,10007.0
OI01408,O0128,P018,5,150620.0
OI01409,O0308,P024,5,225400.0
OI01410,O0146,P025,1,41447.0
OI01411,O0435,P028,3,133452.0
OI01412,O0106,P017,5,33000.0
OI01413,O0261,P007,4,17744.0
OI01414,O0152,P021,1,10007.0
OI01415,O0402,P029,2,36906.0
OI01416,O0254,P013,1,49404.0
OI01417,O0124,P016,5,214595.0
OI01418,O0037,P017,1,6600.0
OI01419,O0185,P030,3,111636.0
OI01420,O0068,P013,5,247020.0
OI01421,O0216,P012,5,158730.0
OI01422,O0350,P006,4,193332.0
OI01423,O0489,P025,1,41447.0
OI01424,O0009,P019,1,28643.0
OI01425,O0008,P009,2,23354.0
OI01426,O0021,P030,1,37212.0
OI01427,O0486,P026,4,36832.0
OI01428,O0260,P010,5,34475.0
OI01429,O0393,P014,4,133408.0
OI01430,O0360,P013,1,49404.0
OI01431,O0328,P018,5,150620.0
OI01432,O0316,P005,3,46119.0
OI01433,O0043,P010,1,6895.0
OI01434,O0262,P030,2,74424.0
OI01435,O0499,P026,2,18416.0
OI01436,O0275,P011,4,82952.0
OI01437,O0301,P021,1,10007.0
OI01438,O0159,P023,4,153640.0
OI01439,O0374,P028,2,88968.0
OI01440,O0030,P008,1,9754.0
OI01441,O0474,P014,1,33352.0
OI01442,O0233,P020,5,208820.0
OI01443,O0029,P010,2,13790.0
OI01444,O0062,P001,2,93050.0
OI01445,O0360,P001,2,93050.0
OI01446,O0255,P012,5,158730.0
OI01447,O0265,P026,3,27624.0
OI01448,O0086,P012,2,63492.0
OI01449,O0384,P025,3,124341.0
OI01450,O0376,P029,1,18453.0
OI01451,O0395,P029,1,18453.0
OI01452,O0172,P026,4,36832.0
OI01453,O0140,P017,1,6600.0
OI01454,O0135,P023,5,192050.0
OI01455,O0322,P003,4,73716.0
OI01456,O0234,P017,3,19800.0
OI01457,O0029,P016,5,214595.0
OI01458,O0086,P012,2,63492.0
OI01459,O0131,P025,1,41447.0
OI01460,O0458,P019,1,28643.0
OI01461,O0117,P024,5,225400.0
OI01462,O0002,P002,1,20830.0
OI01463,O0126,P002,4,83320.0
OI01464,O0187,P013,2,98808.0
OI01465,O0092,P030,1,37212.0
OI01466,O0284,P026,4,36832.0
OI01467,O0115,P011,2,41476.0
OI01468,O0214,P030,3,111636.0
OI01469,O0139,P027,1,19589.0
OI01470,O0293,P012,1,31746.0
OI01471,O0258,P022,1,46714.0
OI01472,O0092,P008,5,48770.0
OI01473,O0024,P013,1,49404.0
OI01474,O0450,P015,3,122370.0
OI01475,O0397,P028,3,133452.0
OI01476,O0168,P003,5,92145.0
OI01477,O0234,P001,3,139575.0
OI01478,O0103,P010,5,34475.0
OI01479,O0402,P010,5,34475.0
OI01480,O0125,P015,3,122370.0
OI01481,O0303,P016,2,85838.0
OI01482,O0376,P029,5,92265.0
OI01483,O0390,P026,2,18416.0
OI01484,O0078,P001,4,186100.0
OI01485,O0013,P008,5,48770.0
OI01486,O0178,P021,1,10007.0
OI01487,O0487,P011,1,20738.0
OI01488,O0389,P022,4,186856.0
OI01489,O0435,P024,3,135240.0
OI01490,O0054,P007,5,22180.0
OI01491,O0122,P014,4,133408.0
OI01492,O0493,P002,2,41660.0
OI01493,O0365,P009,1,11677.0
OI01494,O0023,P030,2,74424.0
OI01495,O0460,P028,5,222420.0
OI01496,O0212,P023,3,115230.0
OI01497,O0235,P024,1,45080.0
OI01498,O0298,P004,5,39465.0
OI01499,O0069,P021,4,40028.0
OI01500,O0039,P019,5,143215.0
